part,start_utc,end_utc,minutes,notes
setup_checkpoint_1,2026-09-25T20:29:00Z,2026-09-25T20:52:00Z,23,"image ID, map cleanup (3 iterations to remove the island shadow and keep aurora curtains continuous), network/env checks; includes ~2 min waiting for the image upload"
map_pipeline,2026-09-25T20:58:00Z,2026-09-25T21:48:00Z,50,"tool install (1.3 min), landmark calibration, overlay+HUD module, 4 regional detail layers (~2 min build), camera/zoom renderer, plates A/B/F (~3 min on 4 cores), compositor, previews (~2 min)"
full_video_plan,2026-09-25T21:10:00Z,2026-09-25T21:16:00Z,6,"~62 min chapter plan, budget (ElevenLabs chars, Seedance $/s, render hours)"
api_verification,2026-09-25T22:27:00Z,2026-09-25T22:36:00Z,9,"non-billable checks: ElevenLabs rejects the stored credential (key ID, not the sk_ key); Higgsfield auth OK via a free upload-URL request; Higgsfield CDNs (*.cloudfront.net) denied; Overpass reachable but resets ~2 of 3 connections"
env_rebuild,2026-09-25T22:30:00Z,2026-09-25T22:42:00Z,12,"setup_env.sh ~2 min, regional layers 5.8 min (4 cores), plates A/B/F ~3 min; ran in parallel with other work"
osm_fetch,2026-09-25T22:30:00Z,2026-09-25T22:51:00Z,21,"Overpass, 16 tiles with retries (~60% of connections reset); 123,210 elements -> 94,006 buildings, 27,362 roads; unattended"
blender_city,2026-09-25T22:38:00Z,2026-09-25T23:15:00Z,37,"blender_city.py written + 6 look iterations on half-res stills (~13 s/frame at 540p); real-OSM build 52 s; compose city segment; full-res 3 s test started 23:10 (~54 s/frame at 1080p)"
voice_prep,2026-09-25T23:12:00Z,2026-09-25T23:16:00Z,4,"tts.py (lines, logging, radio chain hook); blocked by the stored ElevenLabs credential"
direction_change,2026-09-25T23:14:00Z,2026-09-25T23:39:00Z,25,"owner: global incidents, Blender top view only, Seedance for cities/people, $21 total; incidents.py + plan v2; top-view camera (720p 28 s/frame); any-city zoom: calibration for 17 cities (3 iterations), London layers 5.6 min, London zoom 51 s"
